{
    "counter": {
        "ACTIVE": 5293,
        "INACTIVE": 263,
        "INVALID": 0,
        "MALICIOUS": 0,
        "SANE": 0,
        "VALID": 0,
        "total": 5556
    },
    "percentage": {
        "ACTIVE": 95.26637868970482,
        "INACTIVE": 4.747292418772563,
        "INVALID": 0,
        "MALICIOUS": 0,
        "SANE": 0,
        "VALID": 0,
        "total": 100.01367110847738
    }
}