{
    "counter": {
        "ACTIVE": 663,
        "INACTIVE": 35,
        "INVALID": 0,
        "MALICIOUS": 0,
        "SANE": 0,
        "VALID": 0,
        "total": 698
    },
    "percentage": {
        "ACTIVE": 94.98567335243553,
        "INACTIVE": 5.043227665706052,
        "INVALID": 0,
        "MALICIOUS": 0,
        "SANE": 0,
        "VALID": 0,
        "total": 100.02890101814158
    }
}