{
    "counter": {
        "ACTIVE": 2193,
        "INACTIVE": 111,
        "INVALID": 0,
        "MALICIOUS": 0,
        "SANE": 0,
        "VALID": 0,
        "total": 2304
    },
    "percentage": {
        "ACTIVE": 95.18229166666667,
        "INACTIVE": 4.834494773519164,
        "INVALID": 0,
        "MALICIOUS": 0,
        "SANE": 0,
        "VALID": 0,
        "total": 100.01678644018584
    }
}