{
    "counter": {
        "ACTIVE": 3619,
        "INACTIVE": 189,
        "INVALID": 0,
        "MALICIOUS": 0,
        "SANE": 0,
        "VALID": 0,
        "total": 3808
    },
    "percentage": {
        "ACTIVE": 95.03676470588235,
        "INACTIVE": 5.007949125596184,
        "INVALID": 0,
        "MALICIOUS": 0,
        "SANE": 0,
        "VALID": 0,
        "total": 100.04471383147853
    }
}