{
    "counter": {
        "ACTIVE": 5054,
        "INACTIVE": 257,
        "INVALID": 0,
        "MALICIOUS": 0,
        "SANE": 0,
        "VALID": 0,
        "total": 5311
    },
    "percentage": {
        "ACTIVE": 95.16098663151949,
        "INACTIVE": 4.966183574879227,
        "INVALID": 0,
        "MALICIOUS": 0,
        "SANE": 0,
        "VALID": 0,
        "total": 100.12717020639872
    }
}