{
    "counter": {
        "ACTIVE": 3813,
        "INACTIVE": 196,
        "INVALID": 0,
        "MALICIOUS": 0,
        "SANE": 0,
        "VALID": 0,
        "total": 4009
    },
    "percentage": {
        "ACTIVE": 95.11100024943876,
        "INACTIVE": 4.975882203604976,
        "INVALID": 0,
        "MALICIOUS": 0,
        "SANE": 0,
        "VALID": 0,
        "total": 100.08688245304374
    }
}