{
    "counter": {
        "ACTIVE": 7589,
        "INACTIVE": 357,
        "INVALID": 0,
        "MALICIOUS": 0,
        "SANE": 0,
        "VALID": 0,
        "total": 7946
    },
    "percentage": {
        "ACTIVE": 95.50717342058897,
        "INACTIVE": 4.506437768240343,
        "INVALID": 0,
        "MALICIOUS": 0,
        "SANE": 0,
        "VALID": 0,
        "total": 100.01361118882932
    }
}