{
    "counter": {
        "ACTIVE": 4608,
        "INACTIVE": 238,
        "INVALID": 0,
        "MALICIOUS": 0,
        "SANE": 0,
        "VALID": 0,
        "total": 4846
    },
    "percentage": {
        "ACTIVE": 95.08873297565002,
        "INACTIVE": 4.946996466431095,
        "INVALID": 0,
        "MALICIOUS": 0,
        "SANE": 0,
        "VALID": 0,
        "total": 100.0357294420811
    }
}