{
    "counter": {
        "ACTIVE": 3009,
        "INACTIVE": 156,
        "INVALID": 0,
        "MALICIOUS": 0,
        "SANE": 0,
        "VALID": 0,
        "total": 3165
    },
    "percentage": {
        "ACTIVE": 95.07109004739337,
        "INACTIVE": 4.979253112033195,
        "INVALID": 0,
        "MALICIOUS": 0,
        "SANE": 0,
        "VALID": 0,
        "total": 100.05034315942656
    }
}