{
    "counter": {
        "ACTIVE": 903,
        "INACTIVE": 51,
        "INVALID": 0,
        "MALICIOUS": 0,
        "SANE": 0,
        "VALID": 0,
        "total": 954
    },
    "percentage": {
        "ACTIVE": 94.65408805031447,
        "INACTIVE": 5.501618122977346,
        "INVALID": 0,
        "MALICIOUS": 0,
        "SANE": 0,
        "VALID": 0,
        "total": 100.15570617329182
    }
}