{
    "counter": {
        "ACTIVE": 5518,
        "INACTIVE": 272,
        "INVALID": 0,
        "MALICIOUS": 0,
        "SANE": 0,
        "VALID": 0,
        "total": 5790
    },
    "percentage": {
        "ACTIVE": 95.30224525043178,
        "INACTIVE": 4.707511249567324,
        "INVALID": 0,
        "MALICIOUS": 0,
        "SANE": 0,
        "VALID": 0,
        "total": 100.0097564999991
    }
}