{
    "counter": {
        "ACTIVE": 7599,
        "INACTIVE": 357,
        "INVALID": 0,
        "MALICIOUS": 0,
        "SANE": 0,
        "VALID": 0,
        "total": 7956
    },
    "percentage": {
        "ACTIVE": 95.51282051282051,
        "INACTIVE": 4.506437768240343,
        "INVALID": 0,
        "MALICIOUS": 0,
        "SANE": 0,
        "VALID": 0,
        "total": 100.01925828106086
    }
}