{
    "counter": {
        "ACTIVE": 2408,
        "INACTIVE": 122,
        "INVALID": 0,
        "MALICIOUS": 0,
        "SANE": 0,
        "VALID": 0,
        "total": 2530
    },
    "percentage": {
        "ACTIVE": 95.17786561264822,
        "INACTIVE": 4.870259481037924,
        "INVALID": 0,
        "MALICIOUS": 0,
        "SANE": 0,
        "VALID": 0,
        "total": 100.04812509368614
    }
}