{
    "counter": {
        "ACTIVE": 7512,
        "INACTIVE": 356,
        "INVALID": 0,
        "MALICIOUS": 0,
        "SANE": 0,
        "VALID": 0,
        "total": 7868
    },
    "percentage": {
        "ACTIVE": 95.4753431621759,
        "INACTIVE": 4.530991472572229,
        "INVALID": 0,
        "MALICIOUS": 0,
        "SANE": 0,
        "VALID": 0,
        "total": 100.00633463474813
    }
}