{
    "counter": {
        "ACTIVE": 7520,
        "INACTIVE": 356,
        "INVALID": 0,
        "MALICIOUS": 0,
        "SANE": 0,
        "VALID": 0,
        "total": 7876
    },
    "percentage": {
        "ACTIVE": 95.47993905535805,
        "INACTIVE": 4.530991472572229,
        "INVALID": 0,
        "MALICIOUS": 0,
        "SANE": 0,
        "VALID": 0,
        "total": 100.01093052793027
    }
}