{
    "counter": {
        "ACTIVE": 7064,
        "INACTIVE": 336,
        "INVALID": 0,
        "MALICIOUS": 0,
        "SANE": 0,
        "VALID": 0,
        "total": 7400
    },
    "percentage": {
        "ACTIVE": 95.45945945945945,
        "INACTIVE": 4.547300040600893,
        "INVALID": 0,
        "MALICIOUS": 0,
        "SANE": 0,
        "VALID": 0,
        "total": 100.00675950006034
    }
}