{
    "counter": {
        "ACTIVE": 1340,
        "INACTIVE": 71,
        "INVALID": 0,
        "MALICIOUS": 0,
        "SANE": 0,
        "VALID": 0,
        "total": 1411
    },
    "percentage": {
        "ACTIVE": 94.96810772501772,
        "INACTIVE": 5.064194008559201,
        "INVALID": 0,
        "MALICIOUS": 0,
        "SANE": 0,
        "VALID": 0,
        "total": 100.03230173357692
    }
}