{
    "counter": {
        "ACTIVE": 1775,
        "INACTIVE": 89,
        "INVALID": 0,
        "MALICIOUS": 0,
        "SANE": 0,
        "VALID": 0,
        "total": 1864
    },
    "percentage": {
        "ACTIVE": 95.22532188841201,
        "INACTIVE": 5.002810567734683,
        "INVALID": 0,
        "MALICIOUS": 0,
        "SANE": 0,
        "VALID": 0,
        "total": 100.2281324561467
    }
}