{
    "counter": {
        "ACTIVE": 3191,
        "INACTIVE": 173,
        "INVALID": 0,
        "MALICIOUS": 0,
        "SANE": 0,
        "VALID": 0,
        "total": 3364
    },
    "percentage": {
        "ACTIVE": 94.85731272294888,
        "INACTIVE": 5.147277595953585,
        "INVALID": 0,
        "MALICIOUS": 0,
        "SANE": 0,
        "VALID": 0,
        "total": 100.00459031890246
    }
}