{
    "counter": {
        "ACTIVE": 7533,
        "INACTIVE": 356,
        "INVALID": 0,
        "MALICIOUS": 0,
        "SANE": 0,
        "VALID": 0,
        "total": 7889
    },
    "percentage": {
        "ACTIVE": 95.48738750158448,
        "INACTIVE": 4.530991472572229,
        "INVALID": 0,
        "MALICIOUS": 0,
        "SANE": 0,
        "VALID": 0,
        "total": 100.0183789741567
    }
}